Feature,Importance_Weight
hour_of_day,0.115557104
horizon_min,0.08586412
is_extreme_weather,0.057821844
pm2_5,0.046567474
uv_index,0.04649666
no2_level,0.041731752
rain_x_peak_hour,0.04013991
severity_index,0.037974488
day_of_week,0.037433248
weather_code,0.03488943
wmo_rain_category,0.034185536
rain_accumulation_3h,0.031049503
is_holiday,0.030186016
osrm_eta_min,0.029762832
co_level,0.029147724
month,0.028933922
is_peak_hour,0.027399786
mrt_headway,0.02684305
aqi,0.026709402
is_monsoon,0.02669226
mrt_status,0.026031433
visibility_penalty,0.024959981
source_count,0.023909777
is_weekend,0.023206847
distance_km,0.02243433
weather_condition_encoded,0.022073234
pm10,0.021998364
