created_at,time_slot,is_simulation,direction,geom,speed_kmh,mapbox_speed,waze_speed,inner_speed,outer_speed,base_eta_min,congestion_percent,jam_factor,bottleneck_ratio,severity_status,severity_index,data_confidence,rain_mm,temperature,wind_speed,visibility_km,uv_index,weather_condition,aqi,pm2_5,pm10,co_level,no2_level
2026-03-23T02:54:29.010627+06:00,Off-Peak / Night,False,North (Mirpur-11 to 10),POINT(90.365443 23.818833),23.98,25.27,20.98,27.58,20.38,2.4,31.5,3.15,0.96,Normal,1,0.95,0.0,20.4,5.4,10.0,0.0,Clear,4,74.15,78.85,604.85,77.05
2026-03-23T02:54:29.010627+06:00,Off-Peak / Night,False,South (Kazipara to 10),POINT(90.373516 23.795476),20.72,18.12,26.8,23.83,17.61,2.4,40.8,4.08,0.83,Normal,1,0.8,0.0,20.4,5.4,10.0,0.0,Clear,4,74.15,78.85,604.85,77.05
2026-03-23T02:54:29.010627+06:00,Off-Peak / Night,False,East (Mirpur-14 to 10),POINT(90.380476 23.801368),20.77,22.4,16.97,23.89,17.65,2.5,40.7,4.07,0.83,Normal,1,0.8,0.0,20.4,5.4,10.0,0.0,Clear,4,74.15,78.85,604.85,77.05
2026-03-23T02:54:29.010627+06:00,Off-Peak / Night,False,West (Mirpur-1 to 10),POINT(90.357905 23.801584),20.17,19.61,21.49,23.2,17.14,2.3,42.4,4.24,0.81,Normal,1,0.95,0.0,20.4,5.4,10.0,0.0,Clear,4,74.15,78.85,604.85,77.05
2026-03-23T02:58:19.501455+06:00,Off-Peak / Night,False,North (Mirpur-11 to 10),POINT(90.365443 23.818833),25.16,26.95,20.98,28.93,21.39,2.4,28.1,2.81,1.01,Free Flow,0,0.8,0.0,20.4,5.4,10.0,0.0,Clear,4,74.15,78.85,604.85,77.05
2026-03-23T02:58:19.501455+06:00,Off-Peak / Night,False,South (Kazipara to 10),POINT(90.373516 23.795476),20.14,17.28,26.8,23.16,17.12,2.4,42.5,4.25,0.81,Normal,1,0.8,0.0,20.4,5.4,10.0,0.0,Clear,4,74.15,78.85,604.85,77.05
2026-03-23T02:58:19.501455+06:00,Off-Peak / Night,False,East (Mirpur-14 to 10),POINT(90.380476 23.801368),20.88,22.55,16.97,24.01,17.75,2.5,40.3,4.03,0.84,Normal,1,0.8,0.0,20.4,5.4,10.0,0.0,Clear,4,74.15,78.85,604.85,77.05
2026-03-23T02:58:19.501455+06:00,Off-Peak / Night,False,West (Mirpur-1 to 10),POINT(90.357905 23.801584),20.14,19.56,21.49,23.16,17.12,2.3,42.5,4.25,0.81,Normal,1,0.95,0.0,20.4,5.4,10.0,0.0,Clear,4,74.15,78.85,604.85,77.05
2026-03-23T03:26:06.149882+06:00,Off-Peak / Night,False,North (Mirpur-11 to 10),POINT(90.365443 23.818833),31.02,35.32,20.98,35.67,26.37,2.4,11.4,1.14,1.24,Free Flow,0,0.65,0.0,20.1,5.4,10.0,0.0,Clear,4,87.45,91.85,660.85,94.55
2026-03-23T03:26:06.149882+06:00,Off-Peak / Night,False,South (Kazipara to 10),POINT(90.373516 23.795476),19.48,16.34,26.8,22.4,16.56,2.4,44.3,4.43,0.78,Normal,1,0.8,0.0,20.1,5.4,10.0,0.0,Clear,4,87.45,91.85,660.85,94.55
2026-03-23T03:26:06.149882+06:00,Off-Peak / Night,False,East (Mirpur-14 to 10),POINT(90.380476 23.801368),19.21,20.17,16.97,22.09,16.33,2.5,45.1,4.51,0.77,Normal,1,0.95,0.0,20.1,5.4,10.0,0.0,Clear,4,87.45,91.85,660.85,94.55
2026-03-23T03:26:06.149882+06:00,Off-Peak / Night,False,West (Mirpur-1 to 10),POINT(90.357905 23.801584),19.95,19.29,21.49,22.94,16.96,2.3,43.0,4.3,0.8,Normal,1,0.95,0.0,20.1,5.4,10.0,0.0,Clear,4,87.45,91.85,660.85,94.55
2026-03-23T03:29:10.595110+06:00,Off-Peak / Night,False,North (Mirpur-11 to 10),POINT(90.365443 23.818833),31.47,35.97,20.98,36.19,26.75,2.4,10.1,1.01,1.26,Free Flow,0,0.65,0.0,20.1,5.4,10.0,0.0,Clear,4,87.45,91.85,660.85,94.55
2026-03-23T03:29:10.595110+06:00,Off-Peak / Night,False,South (Kazipara to 10),POINT(90.373516 23.795476),19.89,16.93,26.8,22.87,16.91,2.4,43.2,4.32,0.8,Normal,1,0.8,0.0,20.1,5.4,10.0,0.0,Clear,4,87.45,91.85,660.85,94.55
2026-03-23T03:29:10.595110+06:00,Off-Peak / Night,False,East (Mirpur-14 to 10),POINT(90.380476 23.801368),19.26,20.24,16.97,22.15,16.37,2.5,45.0,4.5,0.77,Normal,1,0.95,0.0,20.1,5.4,10.0,0.0,Clear,4,87.45,91.85,660.85,94.55
2026-03-23T03:29:10.595110+06:00,Off-Peak / Night,False,West (Mirpur-1 to 10),POINT(90.357905 23.801584),20.54,20.13,21.49,23.62,17.46,2.3,41.3,4.13,0.82,Normal,1,0.95,0.0,20.1,5.4,10.0,0.0,Clear,4,87.45,91.85,660.85,94.55
2026-03-23T03:50:39.606487+06:00,Off-Peak / Night,False,North (Mirpur-11 to 10),POINT(90.365443 23.818833),32.29,37.14,20.98,37.13,27.45,2.4,7.7,0.77,1.29,Free Flow,0,0.65,0.0,20.1,5.4,10.0,0.0,Clear,4,87.45,91.85,660.85,94.55
2026-03-23T03:50:39.606487+06:00,Off-Peak / Night,False,South (Kazipara to 10),POINT(90.373516 23.795476),24.09,22.93,26.8,27.7,20.48,2.4,31.2,3.12,0.96,Normal,1,0.95,0.0,20.1,5.4,10.0,0.0,Clear,4,87.45,91.85,660.85,94.55
2026-03-23T03:50:39.606487+06:00,Off-Peak / Night,False,East (Mirpur-14 to 10),POINT(90.380476 23.801368),23.21,25.88,16.97,26.69,19.73,2.5,33.7,3.37,0.93,Normal,1,0.8,0.0,20.1,5.4,10.0,0.0,Clear,4,87.45,91.85,660.85,94.55
2026-03-23T03:50:39.606487+06:00,Off-Peak / Night,False,West (Mirpur-1 to 10),POINT(90.357905 23.801584),24.29,25.49,21.49,27.93,20.65,2.3,30.6,3.06,0.97,Normal,1,0.95,0.0,20.1,5.4,10.0,0.0,Clear,4,87.45,91.85,660.85,94.55
2026-03-23T04:01:35.440801+06:00,Off-Peak / Night,False,North (Mirpur-11 to 10),POINT(90.365443 23.818833),31.71,36.31,20.98,36.47,26.95,2.4,9.4,0.94,1.27,Free Flow,0,0.65,0.0,19.7,4.7,10.0,0.0,Clear,4,98.45,103.05,686.85,104.05
2026-03-23T04:01:35.440801+06:00,Off-Peak / Night,False,South (Kazipara to 10),POINT(90.373516 23.795476),26.64,26.57,26.8,30.64,22.64,2.4,23.9,2.39,1.07,Free Flow,0,0.95,0.0,19.7,4.7,10.0,0.0,Clear,4,98.45,103.05,686.85,104.05
2026-03-23T04:01:35.440801+06:00,Off-Peak / Night,False,East (Mirpur-14 to 10),POINT(90.380476 23.801368),25.22,28.76,16.97,29.0,21.44,2.5,27.9,2.79,1.01,Free Flow,0,0.8,0.0,19.7,4.7,10.0,0.0,Clear,4,98.45,103.05,686.85,104.05
2026-03-23T04:01:35.440801+06:00,Off-Peak / Night,False,West (Mirpur-1 to 10),POINT(90.357905 23.801584),26.14,28.13,21.49,30.06,22.22,2.3,25.3,2.53,1.05,Free Flow,0,0.8,0.0,19.7,4.7,10.0,0.0,Clear,4,98.45,103.05,686.85,104.05
2026-03-23T04:36:05.399272+06:00,Off-Peak / Night,False,North (Mirpur-11 to 10),POINT(90.365443 23.818833),29.74,33.49,20.98,34.2,25.28,2.4,15.0,1.5,1.19,Free Flow,0,0.65,0.0,19.7,4.7,10.0,0.0,Clear,4,98.45,103.05,686.85,104.05
2026-03-23T04:36:05.399272+06:00,Off-Peak / Night,False,South (Kazipara to 10),POINT(90.373516 23.795476),32.48,34.91,26.8,37.35,27.61,2.4,7.2,0.72,1.3,Free Flow,0,0.8,0.0,19.7,4.7,10.0,0.0,Clear,4,98.45,103.05,686.85,104.05
2026-03-23T04:36:05.399272+06:00,Off-Peak / Night,False,East (Mirpur-14 to 10),POINT(90.380476 23.801368),29.38,34.7,16.97,33.79,24.97,2.5,16.1,1.61,1.18,Free Flow,0,0.65,0.0,19.7,4.7,10.0,0.0,Clear,4,98.45,103.05,686.85,104.05
2026-03-23T04:36:05.399272+06:00,Off-Peak / Night,False,West (Mirpur-1 to 10),POINT(90.357905 23.801584),29.43,32.84,21.49,33.84,25.02,2.3,15.9,1.59,1.18,Free Flow,0,0.8,0.0,19.7,4.7,10.0,0.0,Clear,4,98.45,103.05,686.85,104.05
2026-03-23T04:57:19.527825+06:00,Off-Peak / Night,False,North (Mirpur-11 to 10),POINT(90.365443 23.818833),28.46,31.66,20.98,32.73,24.19,2.4,18.7,1.87,1.14,Free Flow,0,0.8,0.0,19.7,4.7,10.0,0.0,Clear,4,98.45,103.05,686.85,104.05
2026-03-23T04:57:19.527825+06:00,Off-Peak / Night,False,South (Kazipara to 10),POINT(90.373516 23.795476),32.27,34.62,26.8,37.11,27.43,2.4,7.8,0.78,1.29,Free Flow,0,0.8,0.0,19.7,4.7,10.0,0.0,Clear,4,98.45,103.05,686.85,104.05
2026-03-23T04:57:19.527825+06:00,Off-Peak / Night,False,East (Mirpur-14 to 10),POINT(90.380476 23.801368),28.48,33.42,16.97,32.75,24.21,2.5,18.6,1.86,1.14,Free Flow,0,0.65,0.0,19.7,4.7,10.0,0.0,Clear,4,98.45,103.05,686.85,104.05
2026-03-23T04:57:19.527825+06:00,Off-Peak / Night,False,West (Mirpur-1 to 10),POINT(90.357905 23.801584),28.94,32.14,21.49,33.28,24.6,2.3,17.3,1.73,1.16,Free Flow,0,0.8,0.0,19.7,4.7,10.0,0.0,Clear,4,98.45,103.05,686.85,104.05
2026-03-23T05:27:06.406542+06:00,Off-Peak / Night,False,North (Mirpur-11 to 10),POINT(90.365443 23.818833),27.48,30.27,20.98,31.6,23.36,2.4,21.5,2.15,1.1,Free Flow,0,0.8,0.0,19.7,6.5,10.0,0.0,Clear,4,108.85,113.75,696.85,108.25
2026-03-23T05:27:06.406542+06:00,Off-Peak / Night,False,South (Kazipara to 10),POINT(90.373516 23.795476),29.89,31.21,26.8,34.37,25.41,2.4,14.6,1.46,1.2,Free Flow,0,0.95,0.0,19.7,6.5,10.0,0.0,Clear,4,108.85,113.75,696.85,108.25
2026-03-23T05:27:06.406542+06:00,Off-Peak / Night,False,East (Mirpur-14 to 10),POINT(90.380476 23.801368),26.76,30.95,16.97,30.77,22.75,2.5,23.5,2.35,1.07,Free Flow,0,0.65,0.0,19.7,6.5,10.0,0.0,Clear,4,108.85,113.75,696.85,108.25
2026-03-23T05:27:06.406542+06:00,Off-Peak / Night,False,West (Mirpur-1 to 10),POINT(90.357905 23.801584),27.12,29.53,21.49,31.19,23.05,2.3,22.5,2.25,1.08,Free Flow,0,0.8,0.0,19.7,6.5,10.0,0.0,Clear,4,108.85,113.75,696.85,108.25
2026-03-23T05:51:39.448162+06:00,Off-Peak / Night,False,North (Mirpur-11 to 10),POINT(90.365443 23.818833),25.87,27.96,20.98,29.75,21.99,2.4,26.1,2.61,1.03,Free Flow,0,0.8,0.0,19.7,6.5,10.0,0.0,Clear,4,108.85,113.75,696.85,108.25
2026-03-23T05:51:39.448162+06:00,Off-Peak / Night,False,South (Kazipara to 10),POINT(90.373516 23.795476),27.91,28.38,26.8,32.1,23.72,2.4,20.3,2.03,1.12,Free Flow,0,0.95,0.0,19.7,6.5,10.0,0.0,Clear,4,108.85,113.75,696.85,108.25
2026-03-23T05:51:39.448162+06:00,Off-Peak / Night,False,East (Mirpur-14 to 10),POINT(90.380476 23.801368),25.17,28.69,16.97,28.95,21.39,2.5,28.1,2.81,1.01,Free Flow,0,0.8,0.0,19.7,6.5,10.0,0.0,Clear,4,108.85,113.75,696.85,108.25
2026-03-23T05:51:39.448162+06:00,Off-Peak / Night,False,West (Mirpur-1 to 10),POINT(90.357905 23.801584),25.47,27.17,21.49,29.29,21.65,2.3,27.2,2.72,1.02,Free Flow,0,0.8,0.0,19.7,6.5,10.0,0.0,Clear,4,108.85,113.75,696.85,108.25
2026-03-23T07:01:17.377160+06:00,Off-Peak / Night,False,North (Mirpur-11 to 10),POINT(90.365443 23.818833),19.17,18.4,20.98,22.05,16.29,2.4,45.2,4.52,0.77,Normal,1,0.95,0.0,20.9,6.5,10.0,0.4,Sunny,4,107.95,112.65,712.85,96.05
2026-03-23T07:01:17.377160+06:00,Off-Peak / Night,False,South (Kazipara to 10),POINT(90.373516 23.795476),20.48,17.77,26.8,23.55,17.41,2.4,41.5,4.15,0.82,Normal,1,0.8,0.0,20.9,6.5,10.0,0.4,Sunny,4,107.95,112.65,712.85,96.05
2026-03-23T07:01:17.377160+06:00,Off-Peak / Night,False,East (Mirpur-14 to 10),POINT(90.380476 23.801368),18.61,19.31,16.97,21.4,15.82,2.5,46.8,4.68,0.74,Normal,1,0.95,0.0,20.9,6.5,10.0,0.4,Sunny,4,107.95,112.65,712.85,96.05
2026-03-23T07:01:17.377160+06:00,Off-Peak / Night,False,West (Mirpur-1 to 10),POINT(90.357905 23.801584),18.56,17.31,21.49,21.34,15.78,2.3,47.0,4.7,0.74,Normal,1,0.95,0.0,20.9,6.5,10.0,0.4,Sunny,4,107.95,112.65,712.85,96.05
2026-03-23T09:47:31.487436+06:00,Morning Peak,False,North (Mirpur-11 to 10),POINT(90.365443 23.818833),16.86,15.49,20.06,19.39,14.33,2.4,51.8,5.18,0.67,Normal,1,0.95,0.0,24.8,5.0,10.0,3.3,Sunny,4,86.75,91.15,734.85,65.95
2026-03-23T09:47:31.487436+06:00,Morning Peak,False,South (Kazipara to 10),POINT(90.373516 23.795476),17.86,14.1,26.65,20.54,15.18,2.4,49.0,4.9,0.71,Normal,1,0.65,0.0,24.8,5.0,10.0,3.3,Sunny,4,86.75,91.15,734.85,65.95
2026-03-23T09:47:31.487436+06:00,Morning Peak,False,East (Mirpur-14 to 10),POINT(90.380476 23.801368),15.28,14.55,16.97,17.57,12.99,2.5,56.3,5.63,0.61,Normal,1,0.95,0.0,24.8,5.0,10.0,3.3,Sunny,4,86.75,91.15,734.85,65.95
2026-03-23T09:47:31.487436+06:00,Morning Peak,False,West (Mirpur-1 to 10),POINT(90.357905 23.801584),16.33,13.5,22.93,18.78,13.88,2.3,53.3,5.33,0.65,Normal,1,0.8,0.0,24.8,5.0,10.0,3.3,Sunny,4,86.75,91.15,734.85,65.95
2026-03-23T11:24:50.579915+06:00,Midday,False,North (Mirpur-11 to 10),POINT(90.365443 23.818833),14.97,12.79,20.06,17.22,12.72,2.4,57.2,5.72,0.6,Moderate,2,0.8,0.0,28.1,4.0,10.0,7.2,Sunny,4,81.65,86.25,815.85,54.35
2026-03-23T11:24:50.579915+06:00,Midday,False,South (Kazipara to 10),POINT(90.373516 23.795476),17.02,12.89,26.65,19.57,14.47,2.4,51.4,5.14,0.68,Normal,1,0.65,0.0,28.1,4.0,10.0,7.2,Sunny,4,81.65,86.25,815.85,54.35
2026-03-23T11:24:50.579915+06:00,Midday,False,East (Mirpur-14 to 10),POINT(90.380476 23.801368),14.95,14.09,16.97,17.19,12.71,2.5,57.3,5.73,0.6,Moderate,2,0.95,0.0,28.1,4.0,10.0,7.2,Sunny,4,81.65,86.25,815.85,54.35
2026-03-23T11:24:50.579915+06:00,Midday,False,West (Mirpur-1 to 10),POINT(90.357905 23.801584),15.68,12.62,22.82,18.03,13.33,2.3,55.2,5.52,0.63,Normal,1,0.8,0.0,28.1,4.0,10.0,7.2,Sunny,4,81.65,86.25,815.85,54.35
2026-03-23T12:45:48.389910+06:00,Midday,False,North (Mirpur-11 to 10),POINT(90.365443 23.818833),14.42,12.0,20.06,16.58,12.26,2.4,58.8,5.88,0.58,Moderate,2,0.8,0.0,29.2,5.0,10.0,8.0,Partly Cloudy,4,82.35,86.95,835.85,48.95
2026-03-23T12:45:48.389910+06:00,Midday,False,South (Kazipara to 10),POINT(90.373516 23.795476),21.99,20.0,26.65,25.29,18.69,2.4,37.2,3.72,0.88,Normal,1,0.8,0.0,29.2,5.0,10.0,8.0,Partly Cloudy,4,82.35,86.95,835.85,48.95
2026-03-23T12:45:48.389910+06:00,Midday,False,East (Mirpur-14 to 10),POINT(90.380476 23.801368),13.91,12.63,16.91,16.0,11.82,2.5,60.3,6.03,0.56,Moderate,2,0.95,0.0,29.2,5.0,10.0,8.0,Partly Cloudy,4,82.35,86.95,835.85,48.95
2026-03-23T12:45:48.389910+06:00,Midday,False,West (Mirpur-1 to 10),POINT(90.357905 23.801584),15.41,12.19,22.93,17.72,13.1,2.3,56.0,5.6,0.62,Normal,1,0.8,0.0,29.2,5.0,10.0,8.0,Partly Cloudy,4,82.35,86.95,835.85,48.95
2026-03-23T13:49:11.543419+06:00,Midday,False,North (Mirpur-11 to 10),POINT(90.365443 23.818833),15.29,13.25,20.06,17.58,13.0,2.4,56.3,5.63,0.61,Normal,1,0.8,0.0,31.6,13.3,10.0,7.0,Sunny,4,109.85,115.45,803.85,55.95
2026-03-23T13:49:11.543419+06:00,Midday,False,South (Kazipara to 10),POINT(90.373516 23.795476),27.29,27.56,26.65,31.38,23.2,2.4,22.0,2.2,1.09,Free Flow,0,0.95,0.0,31.6,13.3,10.0,7.0,Sunny,4,109.85,115.45,803.85,55.95
2026-03-23T13:49:11.543419+06:00,Midday,False,East (Mirpur-14 to 10),POINT(90.380476 23.801368),14.03,12.77,16.97,16.13,11.93,2.5,59.9,5.99,0.56,Moderate,2,0.95,0.0,31.6,13.3,10.0,7.0,Sunny,4,109.85,115.45,803.85,55.95
2026-03-23T13:49:11.543419+06:00,Midday,False,West (Mirpur-1 to 10),POINT(90.357905 23.801584),24.3,24.89,22.93,27.95,20.66,2.3,30.6,3.06,0.97,Normal,1,0.95,0.0,31.6,13.3,10.0,7.0,Sunny,4,109.85,115.45,803.85,55.95
2026-03-23T14:35:16.828459+06:00,Midday,False,North (Mirpur-11 to 10),POINT(90.365443 23.818833),16.76,15.34,20.06,19.27,14.25,2.4,52.1,5.21,0.67,Normal,1,0.95,0.0,31.8,13.7,10.0,4.4,Sunny,4,107.25,111.65,825.85,41.85
2026-03-23T14:35:16.828459+06:00,Midday,False,South (Kazipara to 10),POINT(90.373516 23.795476),17.42,13.46,26.65,20.03,14.81,2.4,50.2,5.02,0.7,Normal,1,0.65,0.0,31.8,13.7,10.0,4.4,Sunny,4,107.25,111.65,825.85,41.85
2026-03-23T14:35:16.828459+06:00,Midday,False,East (Mirpur-14 to 10),POINT(90.380476 23.801368),13.94,12.64,16.97,16.03,11.85,2.5,60.2,6.02,0.56,Moderate,2,0.95,0.0,31.8,13.7,10.0,4.4,Sunny,4,107.25,111.65,825.85,41.85
2026-03-23T14:35:16.828459+06:00,Midday,False,West (Mirpur-1 to 10),POINT(90.357905 23.801584),15.81,12.76,22.93,18.18,13.44,2.3,54.8,5.48,0.63,Normal,1,0.8,0.0,31.8,13.7,10.0,4.4,Sunny,4,107.25,111.65,825.85,41.85
2026-03-23T14:37:28.859410+06:00,Midday,False,North (Mirpur-11 to 10),POINT(90.365443 23.818833),16.67,15.22,20.06,19.17,14.17,2.4,52.4,5.24,0.67,Normal,1,0.95,0.0,31.8,13.7,10.0,4.4,Sunny,4,107.25,111.65,825.85,41.85
2026-03-23T14:37:28.859410+06:00,Midday,False,South (Kazipara to 10),POINT(90.373516 23.795476),17.42,13.46,26.65,20.03,14.81,2.4,50.2,5.02,0.7,Normal,1,0.65,0.0,31.8,13.7,10.0,4.4,Sunny,4,107.25,111.65,825.85,41.85
2026-03-23T14:37:28.859410+06:00,Midday,False,East (Mirpur-14 to 10),POINT(90.380476 23.801368),13.93,12.63,16.97,16.02,11.84,2.5,60.2,6.02,0.56,Moderate,2,0.95,0.0,31.8,13.7,10.0,4.4,Sunny,4,107.25,111.65,825.85,41.85
2026-03-23T14:37:28.859410+06:00,Midday,False,West (Mirpur-1 to 10),POINT(90.357905 23.801584),16.38,13.58,22.93,18.84,13.92,2.3,53.2,5.32,0.66,Normal,1,0.8,0.0,31.8,13.7,10.0,4.4,Sunny,4,107.25,111.65,825.85,41.85
2026-03-23T15:42:52.391106+06:00,Midday,False,North (Mirpur-11 to 10),POINT(90.365443 23.818833),15.12,13.01,20.06,17.39,12.85,2.4,56.8,5.68,0.6,Normal,1,0.8,0.0,31.8,14.8,10.0,2.4,Sunny,4,82.15,87.45,801.85,29.95
2026-03-23T15:42:52.391106+06:00,Midday,False,South (Kazipara to 10),POINT(90.373516 23.795476),15.46,10.67,26.65,17.78,13.14,2.4,55.8,5.58,0.62,Normal,1,0.65,0.0,31.8,14.8,10.0,2.4,Sunny,4,82.15,87.45,801.85,29.95
2026-03-23T15:42:52.391106+06:00,Midday,False,East (Mirpur-14 to 10),POINT(90.380476 23.801368),14.52,13.65,16.54,16.7,12.34,2.5,58.5,5.85,0.58,Moderate,2,0.95,0.0,31.8,14.8,10.0,2.4,Sunny,4,82.15,87.45,801.85,29.95
2026-03-23T15:42:52.391106+06:00,Midday,False,West (Mirpur-1 to 10),POINT(90.357905 23.801584),18.0,15.89,22.93,20.7,15.3,2.3,48.6,4.86,0.72,Normal,1,0.8,0.0,31.8,14.8,10.0,2.4,Sunny,4,82.15,87.45,801.85,29.95
2026-03-23T16:37:00.041892+06:00,Evening Peak,False,North (Mirpur-11 to 10),POINT(90.365443 23.818833),15.99,14.25,20.06,18.39,13.59,2.4,54.3,5.43,0.64,Normal,1,0.8,0.0,31.5,14.4,10.0,1.0,Sunny,3,55.35,61.35,689.85,22.25
2026-03-23T16:37:00.041892+06:00,Evening Peak,False,South (Kazipara to 10),POINT(90.373516 23.795476),16.88,12.69,26.65,19.41,14.35,2.4,51.8,5.18,0.68,Normal,1,0.65,0.0,31.5,14.4,10.0,1.0,Sunny,3,55.35,61.35,689.85,22.25
2026-03-23T16:37:00.041892+06:00,Evening Peak,False,East (Mirpur-14 to 10),POINT(90.380476 23.801368),14.6,13.58,16.97,16.79,12.41,2.5,58.3,5.83,0.58,Moderate,2,0.95,0.0,31.5,14.4,10.0,1.0,Sunny,3,55.35,61.35,689.85,22.25
2026-03-23T16:37:00.041892+06:00,Evening Peak,False,West (Mirpur-1 to 10),POINT(90.357905 23.801584),15.1,12.02,22.29,17.36,12.83,2.3,56.9,5.69,0.6,Normal,1,0.8,0.0,31.5,14.4,10.0,1.0,Sunny,3,55.35,61.35,689.85,22.25
2026-03-23T17:28:02.968889+06:00,Evening Peak,False,North (Mirpur-11 to 10),POINT(90.365443 23.818833),14.38,11.73,20.55,16.54,12.22,2.4,58.9,5.89,0.58,Moderate,2,0.8,0.0,30.9,11.5,10.0,0.3,Sunny,3,45.45,51.45,533.85,16.75
2026-03-23T17:28:02.968889+06:00,Evening Peak,False,South (Kazipara to 10),POINT(90.373516 23.795476),16.29,11.85,26.65,18.73,13.85,2.4,53.5,5.35,0.65,Normal,1,0.65,0.0,30.9,11.5,10.0,0.3,Sunny,3,45.45,51.45,533.85,16.75
2026-03-23T17:28:02.968889+06:00,Evening Peak,False,East (Mirpur-14 to 10),POINT(90.380476 23.801368),13.88,12.55,16.97,15.96,11.8,2.5,60.3,6.03,0.56,Moderate,2,0.95,0.0,30.9,11.5,10.0,0.3,Sunny,3,45.45,51.45,533.85,16.75
2026-03-23T17:28:02.968889+06:00,Evening Peak,False,West (Mirpur-1 to 10),POINT(90.357905 23.801584),14.94,11.52,22.93,17.18,12.7,2.3,57.3,5.73,0.6,Moderate,2,0.8,0.0,30.9,11.5,10.0,0.3,Sunny,3,45.45,51.45,533.85,16.75
2026-03-23T18:02:43.340491+06:00,Evening Peak,False,North (Mirpur-11 to 10),POINT(90.365443 23.818833),14.84,12.81,19.59,17.07,12.61,2.4,57.6,5.76,0.59,Moderate,2,0.8,0.0,28.7,6.5,10.0,0.0,Sunny,3,44.35,50.45,419.85,12.65
2026-03-23T18:02:43.340491+06:00,Evening Peak,False,South (Kazipara to 10),POINT(90.373516 23.795476),16.29,11.85,26.65,18.73,13.85,2.4,53.5,5.35,0.65,Normal,1,0.65,0.0,28.7,6.5,10.0,0.0,Sunny,3,44.35,50.45,419.85,12.65
2026-03-23T18:02:43.340491+06:00,Evening Peak,False,East (Mirpur-14 to 10),POINT(90.380476 23.801368),13.64,12.35,16.64,15.69,11.59,2.5,61.0,6.1,0.55,Moderate,2,0.95,0.0,28.7,6.5,10.0,0.0,Sunny,3,44.35,50.45,419.85,12.65
2026-03-23T18:02:43.340491+06:00,Evening Peak,False,West (Mirpur-1 to 10),POINT(90.357905 23.801584),14.94,11.51,22.93,17.18,12.7,2.3,57.3,5.73,0.6,Moderate,2,0.8,0.0,28.7,6.5,10.0,0.0,Sunny,3,44.35,50.45,419.85,12.65
2026-03-23T18:26:16.471369+06:00,Evening Peak,False,North (Mirpur-11 to 10),POINT(90.365443 23.818833),13.91,11.44,19.67,16.0,11.82,2.4,60.3,6.03,0.56,Moderate,2,0.8,0.0,28.7,6.5,10.0,0.0,Sunny,3,44.35,50.45,419.85,12.65
2026-03-23T18:26:16.471369+06:00,Evening Peak,False,South (Kazipara to 10),POINT(90.373516 23.795476),16.28,11.83,26.65,18.72,13.84,2.4,53.5,5.35,0.65,Normal,1,0.65,0.0,28.7,6.5,10.0,0.0,Sunny,3,44.35,50.45,419.85,12.65
2026-03-23T18:26:16.471369+06:00,Evening Peak,False,East (Mirpur-14 to 10),POINT(90.380476 23.801368),14.0,12.84,16.7,16.1,11.9,2.5,60.0,6.0,0.56,Moderate,2,0.95,0.0,28.7,6.5,10.0,0.0,Sunny,3,44.35,50.45,419.85,12.65
2026-03-23T18:26:16.471369+06:00,Evening Peak,False,West (Mirpur-1 to 10),POINT(90.357905 23.801584),15.0,11.6,22.93,17.25,12.75,2.3,57.1,5.71,0.6,Normal,1,0.8,0.0,28.7,6.5,10.0,0.0,Sunny,3,44.35,50.45,419.85,12.65
2026-03-23T19:04:50.690244+06:00,Evening Peak,False,North (Mirpur-11 to 10),POINT(90.365443 23.818833),14.41,12.06,19.9,16.57,12.25,2.4,58.8,5.88,0.58,Moderate,2,0.8,0.0,27.3,3.6,10.0,0.0,Clear,3,47.05,53.75,389.85,7.95
2026-03-23T19:04:50.690244+06:00,Evening Peak,False,South (Kazipara to 10),POINT(90.373516 23.795476),17.1,13.01,26.65,19.66,14.54,2.4,51.1,5.11,0.68,Normal,1,0.65,0.0,27.3,3.6,10.0,0.0,Clear,3,47.05,53.75,389.85,7.95
2026-03-23T19:04:50.690244+06:00,Evening Peak,False,East (Mirpur-14 to 10),POINT(90.380476 23.801368),13.74,12.41,16.86,15.8,11.68,2.5,60.7,6.07,0.55,Moderate,2,0.95,0.0,27.3,3.6,10.0,0.0,Clear,3,47.05,53.75,389.85,7.95
2026-03-23T19:04:50.690244+06:00,Evening Peak,False,West (Mirpur-1 to 10),POINT(90.357905 23.801584),14.94,11.52,22.93,17.18,12.7,2.3,57.3,5.73,0.6,Moderate,2,0.8,0.0,27.3,3.6,10.0,0.0,Clear,3,47.05,53.75,389.85,7.95
2026-03-23T19:42:50.057449+06:00,Evening Peak,False,North (Mirpur-11 to 10),POINT(90.365443 23.818833),17.73,16.73,20.06,20.39,15.07,2.4,49.3,4.93,0.71,Normal,1,0.95,0.0,27.3,3.6,10.0,0.0,Clear,3,47.05,53.75,389.85,7.95
2026-03-23T19:42:50.057449+06:00,Evening Peak,False,South (Kazipara to 10),POINT(90.373516 23.795476),16.88,12.69,26.65,19.41,14.35,2.4,51.8,5.18,0.68,Normal,1,0.65,0.0,27.3,3.6,10.0,0.0,Clear,3,47.05,53.75,389.85,7.95
2026-03-23T19:42:50.057449+06:00,Evening Peak,False,East (Mirpur-14 to 10),POINT(90.380476 23.801368),13.9,12.59,16.97,15.98,11.81,2.5,60.3,6.03,0.56,Moderate,2,0.95,0.0,27.3,3.6,10.0,0.0,Clear,3,47.05,53.75,389.85,7.95
2026-03-23T19:42:50.057449+06:00,Evening Peak,False,West (Mirpur-1 to 10),POINT(90.357905 23.801584),14.91,11.47,22.93,17.15,12.67,2.3,57.4,5.74,0.6,Moderate,2,0.8,0.0,27.3,3.6,10.0,0.0,Clear,3,47.05,53.75,389.85,7.95
2026-03-23T20:42:44.560959+06:00,Off-Peak / Night,False,North (Mirpur-11 to 10),POINT(90.365443 23.818833),14.47,12.07,20.06,16.64,12.3,2.4,58.7,5.87,0.58,Moderate,2,0.8,0.0,27.0,13.0,10.0,0.0,Partly Cloudy,3,44.35,50.25,402.85,4.75
2026-03-23T20:42:44.560959+06:00,Off-Peak / Night,False,South (Kazipara to 10),POINT(90.373516 23.795476),16.39,11.99,26.65,18.85,13.93,2.4,53.2,5.32,0.66,Normal,1,0.65,0.0,27.0,13.0,10.0,0.0,Partly Cloudy,3,44.35,50.25,402.85,4.75
2026-03-23T20:42:44.560959+06:00,Off-Peak / Night,False,East (Mirpur-14 to 10),POINT(90.380476 23.801368),14.08,12.84,16.97,16.19,11.97,2.5,59.8,5.98,0.56,Moderate,2,0.95,0.0,27.0,13.0,10.0,0.0,Partly Cloudy,3,44.35,50.25,402.85,4.75
2026-03-23T20:42:44.560959+06:00,Off-Peak / Night,False,West (Mirpur-1 to 10),POINT(90.357905 23.801584),18.83,17.07,22.93,21.65,16.01,2.3,46.2,4.62,0.75,Normal,1,0.8,0.0,27.0,13.0,10.0,0.0,Partly Cloudy,3,44.35,50.25,402.85,4.75
2026-03-23T21:42:57.217772+06:00,Off-Peak / Night,False,North (Mirpur-11 to 10),POINT(90.365443 23.818833),14.98,12.81,20.06,17.23,12.73,2.4,57.2,5.72,0.6,Moderate,2,0.8,0.0,26.4,15.5,10.0,0.0,Partly Cloudy,3,45.35,50.95,424.85,8.15
2026-03-23T21:42:57.217772+06:00,Off-Peak / Night,False,South (Kazipara to 10),POINT(90.373516 23.795476),17.21,13.16,26.65,19.79,14.63,2.4,50.8,5.08,0.69,Normal,1,0.65,0.0,26.4,15.5,10.0,0.0,Partly Cloudy,3,45.35,50.95,424.85,8.15
2026-03-23T21:42:57.217772+06:00,Off-Peak / Night,False,East (Mirpur-14 to 10),POINT(90.380476 23.801368),14.13,12.92,16.97,16.25,12.01,2.5,59.6,5.96,0.57,Moderate,2,0.95,0.0,26.4,15.5,10.0,0.0,Partly Cloudy,3,45.35,50.95,424.85,8.15
2026-03-23T21:42:57.217772+06:00,Off-Peak / Night,False,West (Mirpur-1 to 10),POINT(90.357905 23.801584),15.11,11.76,22.93,17.38,12.84,2.3,56.8,5.68,0.6,Normal,1,0.8,0.0,26.4,15.5,10.0,0.0,Partly Cloudy,3,45.35,50.95,424.85,8.15
2026-03-23T22:36:05.798246+06:00,Off-Peak / Night,False,North (Mirpur-11 to 10),POINT(90.365443 23.818833),15.21,14.03,17.98,17.49,12.93,2.4,56.5,5.65,0.61,Normal,1,0.95,0.0,25.8,16.2,10.0,0.0,Partly Cloudy,3,45.95,51.15,445.85,22.65
2026-03-23T22:36:05.798246+06:00,Off-Peak / Night,False,South (Kazipara to 10),POINT(90.373516 23.795476),16.79,12.56,26.65,19.31,14.27,2.4,52.0,5.2,0.67,Normal,1,0.65,0.0,25.8,16.2,10.0,0.0,Partly Cloudy,3,45.95,51.15,445.85,22.65
2026-03-23T22:36:05.798246+06:00,Off-Peak / Night,False,East (Mirpur-14 to 10),POINT(90.380476 23.801368),14.99,14.17,16.91,17.24,12.74,2.5,57.2,5.72,0.6,Moderate,2,0.95,0.0,25.8,16.2,10.0,0.0,Partly Cloudy,3,45.95,51.15,445.85,22.65
2026-03-23T22:36:05.798246+06:00,Off-Peak / Night,False,West (Mirpur-1 to 10),POINT(90.357905 23.801584),15.31,12.05,22.93,17.61,13.01,2.3,56.3,5.63,0.61,Normal,1,0.8,0.0,25.8,16.2,10.0,0.0,Partly Cloudy,3,45.95,51.15,445.85,22.65
2026-03-23T23:30:45.193855+06:00,Off-Peak / Night,False,North (Mirpur-11 to 10),POINT(90.365443 23.818833),16.83,15.45,20.06,19.35,14.31,2.4,51.9,5.19,0.67,Normal,1,0.95,0.0,25.3,13.3,10.0,0.0,Clear,3,47.75,52.75,475.85,43.85
2026-03-23T23:30:45.193855+06:00,Off-Peak / Night,False,South (Kazipara to 10),POINT(90.373516 23.795476),18.37,14.82,26.65,21.13,15.61,2.4,47.5,4.75,0.73,Normal,1,0.8,0.0,25.3,13.3,10.0,0.0,Clear,3,47.75,52.75,475.85,43.85
2026-03-23T23:30:45.193855+06:00,Off-Peak / Night,False,East (Mirpur-14 to 10),POINT(90.380476 23.801368),15.35,14.65,16.97,17.65,13.05,2.5,56.1,5.61,0.61,Normal,1,0.95,0.0,25.3,13.3,10.0,0.0,Clear,3,47.75,52.75,475.85,43.85
2026-03-23T23:30:45.193855+06:00,Off-Peak / Night,False,West (Mirpur-1 to 10),POINT(90.357905 23.801584),16.92,14.35,22.93,19.46,14.38,2.3,51.7,5.17,0.68,Normal,1,0.8,0.0,25.3,13.3,10.0,0.0,Clear,3,47.75,52.75,475.85,43.85
2026-03-24T00:11:04.204839+06:00,Off-Peak / Night,False,North (Mirpur-11 to 10),POINT(90.365443 23.818833),16.53,15.02,20.06,19.01,14.05,2.4,52.8,5.28,0.66,Normal,1,0.8,0.0,23.6,7.9,10.0,0.0,Clear,4,111.65,115.85,556.85,81.85
2026-03-24T00:11:04.204839+06:00,Off-Peak / Night,False,South (Kazipara to 10),POINT(90.373516 23.795476),20.1,17.3,26.65,23.11,17.09,2.4,42.6,4.26,0.8,Normal,1,0.8,0.0,23.6,7.9,10.0,0.0,Clear,4,111.65,115.85,556.85,81.85
2026-03-24T00:11:04.204839+06:00,Off-Peak / Night,False,East (Mirpur-14 to 10),POINT(90.380476 23.801368),16.55,16.37,16.97,19.03,14.07,2.5,52.7,5.27,0.66,Normal,1,0.95,0.0,23.6,7.9,10.0,0.0,Clear,4,111.65,115.85,556.85,81.85
2026-03-24T00:11:04.204839+06:00,Off-Peak / Night,False,West (Mirpur-1 to 10),POINT(90.357905 23.801584),22.85,22.82,22.93,26.28,19.42,2.3,34.7,3.47,0.91,Normal,1,0.95,0.0,23.6,7.9,10.0,0.0,Clear,4,111.65,115.85,556.85,81.85
2026-03-24T00:55:17.109024+06:00,Off-Peak / Night,False,North (Mirpur-11 to 10),POINT(90.365443 23.818833),17.99,17.1,20.06,20.69,15.29,2.4,48.6,4.86,0.72,Normal,1,0.95,0.0,23.6,7.9,10.0,0.0,Clear,4,111.65,115.85,556.85,81.85
2026-03-24T00:55:17.109024+06:00,Off-Peak / Night,False,South (Kazipara to 10),POINT(90.373516 23.795476),22.05,20.02,26.8,25.36,18.74,2.4,37.0,3.7,0.88,Normal,1,0.8,0.0,23.6,7.9,10.0,0.0,Clear,4,111.65,115.85,556.85,81.85
2026-03-24T00:55:17.109024+06:00,Off-Peak / Night,False,East (Mirpur-14 to 10),POINT(90.380476 23.801368),18.06,18.53,16.97,20.77,15.35,2.5,48.4,4.84,0.72,Normal,1,0.95,0.0,23.6,7.9,10.0,0.0,Clear,4,111.65,115.85,556.85,81.85
2026-03-24T00:55:17.109024+06:00,Off-Peak / Night,False,West (Mirpur-1 to 10),POINT(90.357905 23.801584),19.66,18.26,22.93,22.61,16.71,2.3,43.8,4.38,0.79,Normal,1,0.95,0.0,23.6,7.9,10.0,0.0,Clear,4,111.65,115.85,556.85,81.85
2026-03-24T01:13:09.021230+06:00,Off-Peak / Night,False,North (Mirpur-11 to 10),POINT(90.365443 23.818833),18.86,18.34,20.06,21.69,16.03,2.4,46.1,4.61,0.75,Normal,1,0.95,0.0,23.6,7.9,10.0,0.0,Clear,4,111.65,115.85,556.85,81.85
2026-03-24T01:13:09.021230+06:00,Off-Peak / Night,False,South (Kazipara to 10),POINT(90.373516 23.795476),22.23,20.34,26.65,25.56,18.9,2.4,36.5,3.65,0.89,Normal,1,0.8,0.0,23.6,7.9,10.0,0.0,Clear,4,111.65,115.85,556.85,81.85
2026-03-24T01:13:09.021230+06:00,Off-Peak / Night,False,East (Mirpur-14 to 10),POINT(90.380476 23.801368),18.22,18.75,16.97,20.95,15.49,2.5,47.9,4.79,0.73,Normal,1,0.95,0.0,23.6,7.9,10.0,0.0,Clear,4,111.65,115.85,556.85,81.85
2026-03-24T01:13:09.021230+06:00,Off-Peak / Night,False,West (Mirpur-1 to 10),POINT(90.357905 23.801584),20.33,19.22,22.93,23.38,17.28,2.3,41.9,4.19,0.81,Normal,1,0.95,0.0,23.6,7.9,10.0,0.0,Clear,4,111.65,115.85,556.85,81.85
2026-03-24T01:55:55.287571+06:00,Off-Peak / Night,False,North (Mirpur-11 to 10),POINT(90.365443 23.818833),17.96,17.06,20.06,20.65,15.27,2.4,48.7,4.87,0.72,Normal,1,0.95,0.0,23.6,7.9,10.0,0.0,Clear,4,111.65,115.85,556.85,81.85
2026-03-24T01:55:55.287571+06:00,Off-Peak / Night,False,South (Kazipara to 10),POINT(90.373516 23.795476),22.59,20.85,26.65,25.98,19.2,2.4,35.5,3.55,0.9,Normal,1,0.8,0.0,23.6,7.9,10.0,0.0,Clear,4,111.65,115.85,556.85,81.85
2026-03-24T01:55:55.287571+06:00,Off-Peak / Night,False,East (Mirpur-14 to 10),POINT(90.380476 23.801368),19.35,20.37,16.97,22.25,16.45,2.5,44.7,4.47,0.77,Normal,1,0.95,0.0,23.6,7.9,10.0,0.0,Clear,4,111.65,115.85,556.85,81.85
2026-03-24T01:55:55.287571+06:00,Off-Peak / Night,False,West (Mirpur-1 to 10),POINT(90.357905 23.801584),19.89,18.59,22.93,22.87,16.91,2.3,43.2,4.32,0.8,Normal,1,0.95,0.0,23.6,7.9,10.0,0.0,Clear,4,111.65,115.85,556.85,81.85
2026-03-24T02:34:01.277765+06:00,Off-Peak / Night,False,North (Mirpur-11 to 10),POINT(90.365443 23.818833),19.76,19.35,20.72,22.72,16.8,2.4,43.5,4.35,0.79,Normal,1,0.95,0.0,22.6,6.1,10.0,0.0,Clear,4,124.75,128.95,607.85,98.65
2026-03-24T02:34:01.277765+06:00,Off-Peak / Night,False,South (Kazipara to 10),POINT(90.373516 23.795476),21.78,19.88,26.23,25.05,18.51,2.4,37.8,3.78,0.87,Normal,1,0.8,0.0,22.6,6.1,10.0,0.0,Clear,4,124.75,128.95,607.85,98.65
2026-03-24T02:34:01.277765+06:00,Off-Peak / Night,False,East (Mirpur-14 to 10),POINT(90.380476 23.801368),20.84,22.5,16.97,23.97,17.71,2.5,40.5,4.05,0.83,Normal,1,0.8,0.0,22.6,6.1,10.0,0.0,Clear,4,124.75,128.95,607.85,98.65
2026-03-24T02:34:01.277765+06:00,Off-Peak / Night,False,West (Mirpur-1 to 10),POINT(90.357905 23.801584),20.45,19.39,22.93,23.52,17.38,2.3,41.6,4.16,0.82,Normal,1,0.95,0.0,22.6,6.1,10.0,0.0,Clear,4,124.75,128.95,607.85,98.65
2026-03-24T03:06:51.419586+06:00,Off-Peak / Night,False,North (Mirpur-11 to 10),POINT(90.365443 23.818833),27.08,29.81,20.72,31.14,23.02,2.4,22.6,2.26,1.08,Free Flow,0,0.8,0.0,22.1,5.0,10.0,0.0,Clear,4,122.35,126.55,634.85,104.55
2026-03-24T03:06:51.419586+06:00,Off-Peak / Night,False,South (Kazipara to 10),POINT(90.373516 23.795476),19.07,16.0,26.23,21.93,16.21,2.4,45.5,4.55,0.76,Normal,1,0.8,0.0,22.1,5.0,10.0,0.0,Clear,4,122.35,126.55,634.85,104.55
2026-03-24T03:06:51.419586+06:00,Off-Peak / Night,False,East (Mirpur-14 to 10),POINT(90.380476 23.801368),19.86,20.95,17.31,22.84,16.88,2.5,43.3,4.33,0.79,Normal,1,0.95,0.0,22.1,5.0,10.0,0.0,Clear,4,122.35,126.55,634.85,104.55
2026-03-24T03:06:51.419586+06:00,Off-Peak / Night,False,West (Mirpur-1 to 10),POINT(90.357905 23.801584),20.01,18.76,22.93,23.01,17.01,2.3,42.8,4.28,0.8,Normal,1,0.95,0.0,22.1,5.0,10.0,0.0,Clear,4,122.35,126.55,634.85,104.55
2026-03-24T03:27:20.484465+06:00,Off-Peak / Night,False,North (Mirpur-11 to 10),POINT(90.365443 23.818833),31.02,35.43,20.72,35.67,26.37,2.4,11.4,1.14,1.24,Free Flow,0,0.65,0.0,22.1,5.0,10.0,0.0,Clear,4,122.35,126.55,634.85,104.55
2026-03-24T03:27:20.484465+06:00,Off-Peak / Night,False,South (Kazipara to 10),POINT(90.373516 23.795476),19.44,16.53,26.23,22.36,16.52,2.4,44.5,4.45,0.78,Normal,1,0.8,0.0,22.1,5.0,10.0,0.0,Clear,4,122.35,126.55,634.85,104.55
2026-03-24T03:27:20.484465+06:00,Off-Peak / Night,False,East (Mirpur-14 to 10),POINT(90.380476 23.801368),19.36,20.24,17.31,22.26,16.46,2.5,44.7,4.47,0.77,Normal,1,0.95,0.0,22.1,5.0,10.0,0.0,Clear,4,122.35,126.55,634.85,104.55
2026-03-24T03:27:20.484465+06:00,Off-Peak / Night,False,West (Mirpur-1 to 10),POINT(90.357905 23.801584),20.53,19.5,22.93,23.61,17.45,2.3,41.3,4.13,0.82,Normal,1,0.95,0.0,22.1,5.0,10.0,0.0,Clear,4,122.35,126.55,634.85,104.55
2026-03-24T03:48:55.704244+06:00,Off-Peak / Night,False,North (Mirpur-11 to 10),POINT(90.365443 23.818833),32.21,37.14,20.72,37.04,27.38,2.4,8.0,0.8,1.29,Free Flow,0,0.65,0.0,22.1,5.0,10.0,0.0,Clear,4,122.35,126.55,634.85,104.55
2026-03-24T03:48:55.704244+06:00,Off-Peak / Night,False,South (Kazipara to 10),POINT(90.373516 23.795476),23.23,21.95,26.23,26.71,19.75,2.4,33.6,3.36,0.93,Normal,1,0.95,0.0,22.1,5.0,10.0,0.0,Clear,4,122.35,126.55,634.85,104.55
2026-03-24T03:48:55.704244+06:00,Off-Peak / Night,False,East (Mirpur-14 to 10),POINT(90.380476 23.801368),22.97,25.4,17.31,26.42,19.52,2.5,34.4,3.44,0.92,Normal,1,0.8,0.0,22.1,5.0,10.0,0.0,Clear,4,122.35,126.55,634.85,104.55
2026-03-24T03:48:55.704244+06:00,Off-Peak / Night,False,West (Mirpur-1 to 10),POINT(90.357905 23.801584),24.25,24.82,22.93,27.89,20.61,2.3,30.7,3.07,0.97,Normal,1,0.95,0.0,22.1,5.0,10.0,0.0,Clear,4,122.35,126.55,634.85,104.55
2026-03-24T04:16:36.974669+06:00,Off-Peak / Night,False,North (Mirpur-11 to 10),POINT(90.365443 23.818833),30.81,35.13,20.72,35.43,26.19,2.4,12.0,1.2,1.23,Free Flow,0,0.65,0.0,21.7,4.0,10.0,0.0,Clear,4,114.45,118.45,619.85,91.65
2026-03-24T04:16:36.974669+06:00,Off-Peak / Night,False,South (Kazipara to 10),POINT(90.373516 23.795476),29.53,30.94,26.23,33.96,25.1,2.4,15.6,1.56,1.18,Free Flow,0,0.95,0.0,21.7,4.0,10.0,0.0,Clear,4,114.45,118.45,619.85,91.65
2026-03-24T04:16:36.974669+06:00,Off-Peak / Night,False,East (Mirpur-14 to 10),POINT(90.380476 23.801368),28.2,32.86,17.31,32.43,23.97,2.5,19.4,1.94,1.13,Free Flow,0,0.65,0.0,21.7,4.0,10.0,0.0,Clear,4,114.45,118.45,619.85,91.65
2026-03-24T04:16:36.974669+06:00,Off-Peak / Night,False,West (Mirpur-1 to 10),POINT(90.357905 23.801584),28.53,30.93,22.93,32.81,24.25,2.3,18.5,1.85,1.14,Free Flow,0,0.8,0.0,21.7,4.0,10.0,0.0,Clear,4,114.45,118.45,619.85,91.65
