rain_bucket_mm,predicted_speed_drop_pct,predicted_aqi_drop_pct,predicted_congestion_bump_pct,confidence_score,sample_size,trained_at
0.0,0.0,0.0,0.0,0.1,1000,2026-05-25T18:07:13.570015+00:00
1.0,0.0,0.0,0.0,0.1,1000,2026-05-25T18:07:13.570039+00:00
2.5,0.0,0.0,0.0,0.1,1000,2026-05-25T18:07:13.570045+00:00
5.0,41.94592999702769,0.0,22.15078710429541,0.1,1000,2026-05-25T18:07:13.570051+00:00
10.0,66.38987401856166,0.0,60.388831215865714,0.1,1000,2026-05-25T18:07:13.570057+00:00
15.0,66.38987401856166,0.0,60.388831215865714,0.1,1000,2026-05-25T18:07:13.570063+00:00
20.0,66.38987401856166,0.0,60.388831215865714,0.1,1000,2026-05-25T18:07:13.570068+00:00
25.0,66.38987401856166,0.0,60.388831215865714,0.1,1000,2026-05-25T18:07:13.570084+00:00
0.0,0.0,0.0,0.0,0.1,1000,2026-05-26T21:51:53.326875+00:00
1.0,4.106772605219577,0.676199744144399,2.4714371468214793,0.1,1000,2026-05-26T21:51:53.326897+00:00
2.5,9.583418139163117,1.6904993603610041,5.76758557819587,0.1,1000,2026-05-26T21:51:53.326905+00:00
5.0,16.88845836537347,3.3809987207220082,10.16514686019898,0.1,1000,2026-05-26T21:51:53.326911+00:00
10.0,24.663405078935916,6.7619974414440165,14.850196535626928,0.1,1000,2026-05-26T21:51:53.326916+00:00
15.0,23.32484014068735,10.142996162166025,14.05514902628385,0.1,1000,2026-05-26T21:51:53.326921+00:00
20.0,12.872763550627756,13.523994882888019,7.780004332169732,0.1,1000,2026-05-26T21:51:53.326927+00:00
25.0,0.0,16.904993603610027,0.0,0.1,1000,2026-05-26T21:51:53.326941+00:00
0.0,0.0,0.0,0.0,0.1,1000,2026-05-27T22:02:30.603311+00:00
1.0,0.6086147908942129,0.0,0.33158048828433095,0.1,1000,2026-05-27T22:02:30.603338+00:00
2.5,1.4204429658841076,0.0,0.7765093660966116,0.1,1000,2026-05-27T22:02:30.603345+00:00
5.0,2.5039058939301095,0.0,1.3782125501458324,0.1,1000,2026-05-27T22:02:30.603352+00:00
10.0,3.659891636507785,0.0,2.0572003721021304,0.1,1000,2026-05-27T22:02:30.603357+00:00
15.0,3.4679572277330055,0.0,2.0369634658688938,0.1,1000,2026-05-27T22:02:30.603363+00:00
20.0,1.928102667605781,0.0,1.3175018314461227,0.1,1000,2026-05-27T22:02:30.603368+00:00
25.0,0.0,0.0,0.0,0.1,1000,2026-05-27T22:02:30.603384+00:00
0.0,0.0,0.0,0.0,0.1,1000,2026-05-28T22:01:32.437334+00:00
1.0,0.0,0.0,0.0,0.1,1000,2026-05-28T22:01:32.437357+00:00
2.5,0.0,0.0,0.0,0.1,1000,2026-05-28T22:01:32.437364+00:00
5.0,0.0,0.0,0.0,0.1,1000,2026-05-28T22:01:32.437370+00:00
10.0,0.0,0.0,0.0,0.1,1000,2026-05-28T22:01:32.437375+00:00
15.0,0.0,0.0,0.0,0.1,1000,2026-05-28T22:01:32.437380+00:00
20.0,0.0,0.0,0.0,0.1,1000,2026-05-28T22:01:32.437385+00:00
25.0,0.0,0.0,0.0,0.1,1000,2026-05-28T22:01:32.437399+00:00
0.0,0.0,0.0,0.0,0.1,1000,2026-05-29T21:58:12.627357+00:00
1.0,2.3623720899144365,3.1355287301782586,1.7182204253410447,0.1,1000,2026-05-29T21:58:12.627382+00:00
2.5,5.803593812067298,7.8388218254456365,4.190038884843943,0.1,1000,2026-05-29T21:58:12.627389+00:00
5.0,11.26606624840528,15.677643650891257,8.02837050799235,0.1,1000,2026-05-29T21:58:12.627395+00:00
10.0,21.167646993893353,31.355287301782514,14.649911969202556,0.1,1000,2026-05-29T21:58:12.627401+00:00
15.0,29.704742236464217,47.03293095267378,19.86462438363062,0.1,1000,2026-05-29T21:58:12.627406+00:00
20.0,36.87735197611785,62.710574603565036,23.672507751276534,0.1,1000,2026-05-29T21:58:12.627412+00:00
25.0,42.6854762128543,78.38821825445629,26.073562072140312,0.1,1000,2026-05-29T21:58:12.627426+00:00
0.0,0.0,0.0,0.0,0.1,1000,2026-05-30T13:39:18.309232+00:00
1.0,0.0,0.0,0.0,0.1,1000,2026-05-30T13:39:18.309259+00:00
2.5,0.0,0.0,0.0,0.1,1000,2026-05-30T13:39:18.309266+00:00
5.0,0.0,0.0,0.0,0.1,1000,2026-05-30T13:39:18.309272+00:00
10.0,0.0,0.0,0.0,0.1,1000,2026-05-30T13:39:18.309278+00:00
15.0,0.0,0.0,0.0,0.1,1000,2026-05-30T13:39:18.309283+00:00
20.0,0.0,0.0,0.0,0.1,1000,2026-05-30T13:39:18.309288+00:00
25.0,0.0,0.0,0.0,0.1,1000,2026-05-30T13:39:18.309308+00:00
0.0,0.0,0.0,0.0,0.1,1000,2026-05-30T13:46:21.797631+00:00
1.0,0.0,0.0,0.0,0.1,1000,2026-05-30T13:46:21.797654+00:00
2.5,0.0,0.0,0.0,0.1,1000,2026-05-30T13:46:21.797661+00:00
5.0,0.0,0.0,0.0,0.1,1000,2026-05-30T13:46:21.797667+00:00
10.0,0.0,0.0,0.0,0.1,1000,2026-05-30T13:46:21.797673+00:00
15.0,0.0,0.0,0.0,0.1,1000,2026-05-30T13:46:21.797678+00:00
20.0,0.0,0.0,0.0,0.1,1000,2026-05-30T13:46:21.797683+00:00
25.0,0.0,0.0,0.0,0.1,1000,2026-05-30T13:46:21.797702+00:00
0.0,0.0,0.0,0.0,0.1,1000,2026-05-30T14:01:20.596773+00:00
1.0,0.0,0.0,0.0,0.1,1000,2026-05-30T14:01:20.596796+00:00
2.5,0.0,0.0,0.0,0.1,1000,2026-05-30T14:01:20.596804+00:00
5.0,0.0,0.0,0.0,0.1,1000,2026-05-30T14:01:20.596809+00:00
10.0,0.0,0.0,0.0,0.1,1000,2026-05-30T14:01:20.596815+00:00
15.0,0.0,0.0,0.0,0.1,1000,2026-05-30T14:01:20.596820+00:00
20.0,0.0,0.0,0.0,0.1,1000,2026-05-30T14:01:20.596830+00:00
25.0,0.0,0.0,0.0,0.1,1000,2026-05-30T14:01:20.596845+00:00
0.0,0.0,0.0,0.0,0.1,1000,2026-06-07T17:22:42.221981+00:00
1.0,19.580297860040424,0.0,12.408989844236036,0.1,1000,2026-06-07T17:22:42.222007+00:00
2.5,19.580297860040424,0.0,12.408989844236036,0.1,1000,2026-06-07T17:22:42.222016+00:00
5.0,19.580297860040424,0.0,12.408989844236036,0.1,1000,2026-06-07T17:22:42.222023+00:00
10.0,19.580297860040424,0.0,12.408989844236036,0.1,1000,2026-06-07T17:22:42.222029+00:00
15.0,19.580297860040424,0.0,12.408989844236036,0.1,1000,2026-06-07T17:22:42.222036+00:00
20.0,19.580297860040424,0.0,12.408989844236036,0.1,1000,2026-06-07T17:22:42.222042+00:00
25.0,19.580297860040424,0.0,12.408989844236036,0.1,1000,2026-06-07T17:22:42.222062+00:00
0.0,0.0,0.0,0.0,0.1,1000,2026-06-07T17:55:31.207391+00:00
1.0,18.824895823895492,0.0,11.702276959836425,0.1,1000,2026-06-07T17:55:31.207416+00:00
2.5,18.824895823895492,0.0,11.702276959836425,0.1,1000,2026-06-07T17:55:31.207422+00:00
5.0,18.824895823895492,0.0,11.702276959836425,0.1,1000,2026-06-07T17:55:31.207427+00:00
10.0,18.824895823895492,0.0,11.702276959836425,0.1,1000,2026-06-07T17:55:31.207432+00:00
15.0,18.824895823895492,0.0,11.702276959836425,0.1,1000,2026-06-07T17:55:31.207437+00:00
20.0,18.824895823895492,0.0,11.702276959836425,0.1,1000,2026-06-07T17:55:31.207441+00:00
25.0,18.824895823895492,0.0,11.702276959836425,0.1,1000,2026-06-07T17:55:31.207454+00:00
0.0,0.0,0.0,0.0,0.1,1000,2026-06-07T20:01:22.662183+00:00
1.0,15.81080559105936,0.0,10.114854793110805,0.1,1000,2026-06-07T20:01:22.662207+00:00
2.5,15.81080559105936,0.0,10.114854793110805,0.1,1000,2026-06-07T20:01:22.662215+00:00
5.0,15.81080559105936,0.0,10.114854793110805,0.1,1000,2026-06-07T20:01:22.662222+00:00
10.0,15.81080559105936,0.0,10.114854793110805,0.1,1000,2026-06-07T20:01:22.662229+00:00
15.0,15.81080559105936,0.0,10.114854793110805,0.1,1000,2026-06-07T20:01:22.662235+00:00
20.0,15.81080559105936,0.0,10.114854793110805,0.1,1000,2026-06-07T20:01:22.662241+00:00
25.0,15.81080559105936,0.0,10.114854793110805,0.1,1000,2026-06-07T20:01:22.662257+00:00
0.0,0.0,0.0,0.0,0.1,1000,2026-06-08T04:56:04.798268+00:00
1.0,22.542768878963386,0.0,16.214037288973376,0.1,1000,2026-06-08T04:56:04.798291+00:00
2.5,22.542768878963386,0.0,16.214037288973376,0.1,1000,2026-06-08T04:56:04.798297+00:00
5.0,22.542768878963386,0.0,16.214037288973376,0.1,1000,2026-06-08T04:56:04.798302+00:00
10.0,22.542768878963386,0.0,16.214037288973376,0.1,1000,2026-06-08T04:56:04.798307+00:00
15.0,22.542768878963386,0.0,16.214037288973376,0.1,1000,2026-06-08T04:56:04.798311+00:00
20.0,22.542768878963386,0.0,16.214037288973376,0.1,1000,2026-06-08T04:56:04.798316+00:00
25.0,22.542768878963386,0.0,16.214037288973376,0.1,1000,2026-06-08T04:56:04.798329+00:00
0.0,0.0,0.0,0.0,0.1,1000,2026-06-09T20:01:29.906350+00:00
1.0,10.384816132352853,0.0,7.014315695836842,0.1,1000,2026-06-09T20:01:29.906377+00:00
2.5,19.632913015690317,0.0,13.262254649200031,0.1,1000,2026-06-09T20:01:29.906385+00:00
5.0,19.632913015690317,0.0,13.262254649200031,0.1,1000,2026-06-09T20:01:29.906392+00:00
10.0,19.632913015690317,0.0,13.262254649200031,0.1,1000,2026-06-09T20:01:29.906398+00:00
15.0,19.632913015690317,0.0,13.262254649200031,0.1,1000,2026-06-09T20:01:29.906404+00:00
20.0,19.632913015690317,0.0,13.262254649200031,0.1,1000,2026-06-09T20:01:29.906410+00:00
25.0,19.632913015690317,0.0,13.262254649200031,0.1,1000,2026-06-09T20:01:29.906426+00:00
0.0,0.0,0.0,0.0,0.1,1000,2026-06-10T20:01:20.425933+00:00
1.0,6.786247838892369,0.622706812433662,4.404860646680582,0.1,1000,2026-06-10T20:01:20.425962+00:00
2.5,13.556145397306954,1.5567670310841313,8.80795134835536,0.1,1000,2026-06-10T20:01:20.425970+00:00
5.0,15.747376794867282,3.113534062168278,10.268568468890429,0.1,1000,2026-06-10T20:01:20.425976+00:00
10.0,15.747376794867282,6.227068124336556,10.268568468890429,0.1,1000,2026-06-10T20:01:20.425982+00:00
15.0,15.747376794867282,9.340602186504835,10.268568468890429,0.1,1000,2026-06-10T20:01:20.425988+00:00
20.0,15.747376794867282,12.454136248673112,10.268568468890429,0.1,1000,2026-06-10T20:01:20.425994+00:00
25.0,15.747376794867282,15.567670310841391,10.268568468890429,0.1,1000,2026-06-10T20:01:20.426011+00:00
0.0,0.0,0.0,0.0,0.1,1000,2026-06-11T20:01:27.027194+00:00
1.0,16.28271889452699,7.859263284800262,10.624548528828214,0.1,1000,2026-06-11T20:01:27.027219+00:00
2.5,22.492076505565656,19.64815821200065,14.883348155059814,0.1,1000,2026-06-11T20:01:27.027227+00:00
5.0,22.492076505565656,39.2963164240013,14.883348155059814,0.1,1000,2026-06-11T20:01:27.027234+00:00
10.0,22.492076505565656,78.5926328480026,14.883348155059814,0.1,1000,2026-06-11T20:01:27.027240+00:00
15.0,22.492076505565656,91.29940606955878,14.883348155059814,0.1,1000,2026-06-11T20:01:27.027246+00:00
20.0,22.492076505565656,91.29940606955878,14.883348155059814,0.1,1000,2026-06-11T20:01:27.027253+00:00
25.0,22.492076505565656,91.29940606955878,14.883348155059814,0.1,1000,2026-06-11T20:01:27.027269+00:00
0.0,0.0,0.0,0.0,0.1,1000,2026-06-12T20:01:25.109624+00:00
1.0,12.536005268016833,0.0,8.258547642142268,0.1,1000,2026-06-12T20:01:25.109656+00:00
2.5,20.40189827640222,0.0,13.424646920047607,0.1,1000,2026-06-12T20:01:25.109664+00:00
5.0,20.40189827640222,0.0,13.424646920047607,0.1,1000,2026-06-12T20:01:25.109671+00:00
10.0,20.40189827640222,0.0,13.424646920047607,0.1,1000,2026-06-12T20:01:25.109677+00:00
15.0,20.40189827640222,0.0,13.424646920047607,0.1,1000,2026-06-12T20:01:25.109684+00:00
20.0,20.40189827640222,0.0,13.424646920047607,0.1,1000,2026-06-12T20:01:25.109690+00:00
25.0,20.40189827640222,0.0,13.424646920047607,0.1,1000,2026-06-12T20:01:25.109706+00:00
0.0,0.0,0.0,0.0,0.1,1000,2026-06-13T20:01:25.240605+00:00
1.0,12.92867267885241,1.6461515691503874,8.189597956360906,0.1,1000,2026-06-13T20:01:25.240631+00:00
2.5,22.091565589765395,4.115378922875963,14.015948429212507,0.1,1000,2026-06-13T20:01:25.240638+00:00
5.0,22.091565589765395,8.230757845751938,14.015948429212507,0.1,1000,2026-06-13T20:01:25.240645+00:00
10.0,22.091565589765395,16.461515691503877,14.015948429212507,0.1,1000,2026-06-13T20:01:25.240651+00:00
15.0,22.091565589765395,24.69227353725581,14.015948429212507,0.1,1000,2026-06-13T20:01:25.240658+00:00
20.0,22.091565589765395,32.92303138300775,14.015948429212507,0.1,1000,2026-06-13T20:01:25.240664+00:00
25.0,22.091565589765395,41.15378922875968,14.015948429212507,0.1,1000,2026-06-13T20:01:25.240680+00:00
0.0,0.0,0.0,0.0,0.1,1000,2026-06-14T20:01:38.850398+00:00
1.0,10.145773540092698,5.349440383798386,6.516763718458023,0.1,1000,2026-06-14T20:01:38.850421+00:00
2.5,18.67916912610178,13.373600959495954,11.957058852857266,0.1,1000,2026-06-14T20:01:38.850429+00:00
5.0,18.67916912610178,26.74720191899192,11.957058852857266,0.1,1000,2026-06-14T20:01:38.850436+00:00
10.0,18.67916912610178,53.494403837983825,11.957058852857266,0.1,1000,2026-06-14T20:01:38.850442+00:00
15.0,18.67916912610178,80.24160575697574,11.957058852857266,0.1,1000,2026-06-14T20:01:38.850447+00:00
20.0,18.67916912610178,90.6400961243977,11.957058852857266,0.1,1000,2026-06-14T20:01:38.850454+00:00
25.0,18.67916912610178,90.6400961243977,11.957058852857266,0.1,1000,2026-06-14T20:01:38.850469+00:00
0.0,0.0,0.0,0.0,0.1,1000,2026-06-15T20:01:33.494927+00:00
1.0,16.932279849654808,0.0,10.977416555759085,0.1,1000,2026-06-15T20:01:33.494954+00:00
2.5,16.932279849654808,0.0,10.977416555759085,0.1,1000,2026-06-15T20:01:33.494962+00:00
5.0,16.932279849654808,0.0,10.977416555759085,0.1,1000,2026-06-15T20:01:33.494970+00:00
10.0,16.932279849654808,0.0,10.977416555759085,0.1,1000,2026-06-15T20:01:33.494976+00:00
15.0,16.932279849654808,0.0,10.977416555759085,0.1,1000,2026-06-15T20:01:33.494982+00:00
20.0,16.932279849654808,0.0,10.977416555759085,0.1,1000,2026-06-15T20:01:33.494987+00:00
25.0,16.932279849654808,0.0,10.977416555759085,0.1,1000,2026-06-15T20:01:33.495009+00:00
0.0,0.0,0.0,0.0,0.1,1000,2026-06-16T20:01:41.039395+00:00
1.0,6.481990328881744,4.596969661020998,4.596388218491427,0.1,1000,2026-06-16T20:01:41.039422+00:00
2.5,7.385702848911649,11.492424152552507,5.29926140027932,0.1,1000,2026-06-16T20:01:41.039430+00:00
5.0,7.385702848911649,22.984848305105015,5.29926140027932,0.1,1000,2026-06-16T20:01:41.039436+00:00
10.0,7.385702848911649,45.96969661021003,5.29926140027932,0.1,1000,2026-06-16T20:01:41.039442+00:00
15.0,7.385702848911649,68.95454491531504,5.29926140027932,0.1,1000,2026-06-16T20:01:41.039448+00:00
20.0,7.385702848911649,91.81697328624777,5.29926140027932,0.1,1000,2026-06-16T20:01:41.039455+00:00
25.0,7.385702848911649,91.81697328624777,5.29926140027932,0.1,1000,2026-06-16T20:01:41.039472+00:00
0.0,0.0,0.0,0.0,0.1,1000,2026-06-17T20:01:39.713988+00:00
1.0,31.10761828586278,18.584103594155014,20.106971207096734,0.1,1000,2026-06-17T20:01:39.714012+00:00
2.5,66.55450831457085,46.46025898538751,43.273000105227375,0.1,1000,2026-06-17T20:01:39.714020+00:00
5.0,67.83773243832766,90.0041349683595,63.23124050207327,0.1,1000,2026-06-17T20:01:39.714026+00:00
10.0,67.83773243832766,90.0041349683595,63.23124050207327,0.1,1000,2026-06-17T20:01:39.714032+00:00
15.0,67.83773243832766,90.0041349683595,63.23124050207327,0.1,1000,2026-06-17T20:01:39.714039+00:00
20.0,67.83773243832766,90.0041349683595,63.23124050207327,0.1,1000,2026-06-17T20:01:39.714045+00:00
25.0,67.83773243832766,90.0041349683595,63.23124050207327,0.1,1000,2026-06-17T20:01:39.714061+00:00
0.0,0.0,0.0,0.0,0.1,1000,2026-06-18T20:01:24.132850+00:00
1.0,1.9843240976776533,0.5763654820219898,1.2755172242283308,0.1,1000,2026-06-18T20:01:24.132875+00:00
2.5,3.6521510451109123,1.4409137050549674,2.346827048213079,0.1,1000,2026-06-18T20:01:24.132882+00:00
5.0,3.6521510451109123,2.881827410109935,2.346827048213079,0.1,1000,2026-06-18T20:01:24.132888+00:00
10.0,3.6521510451109123,5.763654820219855,2.346827048213079,0.1,1000,2026-06-18T20:01:24.132894+00:00
15.0,3.6521510451109123,8.64548223032979,2.346827048213079,0.1,1000,2026-06-18T20:01:24.132900+00:00
20.0,3.6521510451109123,11.52730964043971,2.346827048213079,0.1,1000,2026-06-18T20:01:24.132906+00:00
25.0,3.6521510451109123,14.409137050549644,2.346827048213079,0.1,1000,2026-06-18T20:01:24.132922+00:00
0.0,0.0,0.0,0.0,0.1,1000,2026-06-19T20:01:19.848462+00:00
1.0,10.560681462291246,6.247429671399764,5.185101814666282,0.1,1000,2026-06-19T20:01:19.848487+00:00
2.5,10.560681462291246,15.618574178499397,5.185101814666282,0.1,1000,2026-06-19T20:01:19.848495+00:00
5.0,10.560681462291246,31.237148356998805,5.185101814666282,0.1,1000,2026-06-19T20:01:19.848502+00:00
10.0,10.560681462291246,62.4742967139976,5.185101814666282,0.1,1000,2026-06-19T20:01:19.848508+00:00
15.0,10.560681462291246,91.44199634474985,5.185101814666282,0.1,1000,2026-06-19T20:01:19.848514+00:00
20.0,10.560681462291246,91.44199634474985,5.185101814666282,0.1,1000,2026-06-19T20:01:19.848520+00:00
25.0,10.560681462291246,91.44199634474985,5.185101814666282,0.1,1000,2026-06-19T20:01:19.848536+00:00
0.0,0.0,0.0,0.0,0.1,1000,2026-06-20T20:01:25.997363+00:00
1.0,0.0,19.49440582683514,0.0,0.1,1000,2026-06-20T20:01:25.997392+00:00
2.5,0.0,48.73601456708786,0.0,0.1,1000,2026-06-20T20:01:25.997400+00:00
5.0,68.69949228949233,91.77983317584302,65.45266369940808,0.1,1000,2026-06-20T20:01:25.997407+00:00
10.0,68.69949228949233,91.77983317584302,65.45266369940808,0.1,1000,2026-06-20T20:01:25.997413+00:00
15.0,68.69949228949233,91.77983317584302,65.45266369940808,0.1,1000,2026-06-20T20:01:25.997419+00:00
20.0,68.69949228949233,91.77983317584302,65.45266369940808,0.1,1000,2026-06-20T20:01:25.997425+00:00
25.0,68.69949228949233,91.77983317584302,65.45266369940808,0.1,1000,2026-06-20T20:01:25.997442+00:00
0.0,0.0,0.0,0.0,0.1,1000,2026-06-21T20:01:21.208148+00:00
1.0,7.990138228911448,0.8618380085795521,4.799537374760458,0.1,1000,2026-06-21T20:01:21.208174+00:00
2.5,17.385454718272282,2.1545950214488805,10.500806116127844,0.1,1000,2026-06-21T20:01:21.208182+00:00
5.0,26.137939923190117,4.309190042897742,16.008154496344698,0.1,1000,2026-06-21T20:01:21.208188+00:00
10.0,26.137939923190117,8.618380085795502,16.008154496344698,0.1,1000,2026-06-21T20:01:21.208193+00:00
15.0,26.137939923190117,12.927570128693247,16.008154496344698,0.1,1000,2026-06-21T20:01:21.208199+00:00
20.0,26.137939923190117,17.236760171591005,16.008154496344698,0.1,1000,2026-06-21T20:01:21.208205+00:00
25.0,26.137939923190117,21.545950214488748,16.008154496344698,0.1,1000,2026-06-21T20:01:21.208221+00:00
0.0,0.0,0.0,0.0,0.1,1000,2026-06-22T20:01:41.664238+00:00
1.0,0.0,13.688297276943345,0.0,0.1,1000,2026-06-22T20:01:41.664266+00:00
2.5,67.69768031012741,34.22074319235838,64.54394584416806,0.1,1000,2026-06-22T20:01:41.664275+00:00
5.0,67.69768031012741,68.44148638471674,64.54394584416806,0.1,1000,2026-06-22T20:01:41.664282+00:00
10.0,67.69768031012741,87.03863235006322,64.54394584416806,0.1,1000,2026-06-22T20:01:41.664288+00:00
15.0,67.69768031012741,87.03863235006322,64.54394584416806,0.1,1000,2026-06-22T20:01:41.664293+00:00
20.0,67.69768031012741,87.03863235006322,64.54394584416806,0.1,1000,2026-06-22T20:01:41.664303+00:00
25.0,67.69768031012741,87.03863235006322,64.54394584416806,0.1,1000,2026-06-22T20:01:41.664320+00:00
0.0,0.0,0.0,0.0,0.1,1000,2026-06-23T20:01:32.202408+00:00
1.0,17.29042376263831,8.942190352703772,7.241762978449316,0.1,1000,2026-06-23T20:01:32.202429+00:00
2.5,17.29042376263831,22.35547588175941,8.164801187535616,0.1,1000,2026-06-23T20:01:32.202435+00:00
5.0,17.29042376263831,44.71095176351882,8.164801187535616,0.1,1000,2026-06-23T20:01:32.202440+00:00
10.0,17.29042376263831,89.42190352703764,8.164801187535616,0.1,1000,2026-06-23T20:01:32.202445+00:00
15.0,17.29042376263831,89.54815588424513,8.164801187535616,0.1,1000,2026-06-23T20:01:32.202450+00:00
20.0,17.29042376263831,89.54815588424513,8.164801187535616,0.1,1000,2026-06-23T20:01:32.202454+00:00
25.0,17.29042376263831,89.54815588424513,8.164801187535616,0.1,1000,2026-06-23T20:01:32.202467+00:00
0.0,0.0,0.0,0.0,0.1,1000,2026-06-24T20:01:21.451239+00:00
1.0,20.619625971172837,8.603271628095603,11.66280797651386,0.1,1000,2026-06-24T20:01:21.451263+00:00
2.5,33.46685679016602,21.50817907023899,23.47831633211073,0.1,1000,2026-06-24T20:01:21.451272+00:00
5.0,33.46685679016602,43.01635814047799,28.027620633641668,0.1,1000,2026-06-24T20:01:21.451278+00:00
10.0,33.46685679016602,86.03271628095598,28.027620633641668,0.1,1000,2026-06-24T20:01:21.451284+00:00
15.0,33.46685679016602,88.72668848439076,28.027620633641668,0.1,1000,2026-06-24T20:01:21.451291+00:00
20.0,33.46685679016602,88.72668848439076,28.027620633641668,0.1,1000,2026-06-24T20:01:21.451297+00:00
25.0,33.46685679016602,88.72668848439076,28.027620633641668,0.1,1000,2026-06-24T20:01:21.451313+00:00
0.0,0.0,0.0,0.0,0.1,1000,2026-06-25T20:01:18.007439+00:00
1.0,16.046345578661214,0.0,9.135484441171457,0.1,1000,2026-06-25T20:01:18.007462+00:00
2.5,18.21501159896161,0.0,10.234803070857822,0.1,1000,2026-06-25T20:01:18.007469+00:00
5.0,18.21501159896161,0.0,10.234803070857822,0.1,1000,2026-06-25T20:01:18.007479+00:00
10.0,18.21501159896161,0.0,10.234803070857822,0.1,1000,2026-06-25T20:01:18.007485+00:00
15.0,18.21501159896161,0.0,10.234803070857822,0.1,1000,2026-06-25T20:01:18.007491+00:00
20.0,18.21501159896161,0.0,10.234803070857822,0.1,1000,2026-06-25T20:01:18.007497+00:00
25.0,18.21501159896161,0.0,10.234803070857822,0.1,1000,2026-06-25T20:01:18.007514+00:00
0.0,0.0,0.0,0.0,0.1,1000,2026-06-26T20:01:32.028479+00:00
1.0,12.037011743075658,3.9748154835626743,6.779123042969481,0.1,1000,2026-06-26T20:01:32.028505+00:00
2.5,12.037011743075658,9.937038708906693,6.779123042969481,0.1,1000,2026-06-26T20:01:32.028513+00:00
5.0,12.037011743075658,19.874077417813385,6.779123042969481,0.1,1000,2026-06-26T20:01:32.028520+00:00
10.0,12.037011743075658,39.74815483562677,6.779123042969481,0.1,1000,2026-06-26T20:01:32.028526+00:00
15.0,12.037011743075658,59.62223225344015,6.779123042969481,0.1,1000,2026-06-26T20:01:32.028532+00:00
20.0,12.037011743075658,79.49630967125354,6.779123042969481,0.1,1000,2026-06-26T20:01:32.028538+00:00
25.0,12.037011743075658,90.79475884520512,6.779123042969481,0.1,1000,2026-06-26T20:01:32.028553+00:00
0.0,0.0,0.0,0.0,0.1,1000,2026-06-28T20:01:20.445423+00:00
1.0,26.439348223244274,9.605281386786094,13.380608414553237,0.1,1000,2026-06-28T20:01:20.445448+00:00
2.5,69.6716552965409,24.013203466965233,36.7696627346125,0.1,1000,2026-06-28T20:01:20.445457+00:00
5.0,69.6716552965409,48.02640693393047,58.04003325409278,0.1,1000,2026-06-28T20:01:20.445463+00:00
10.0,69.6716552965409,83.81917853303709,58.04003325409278,0.1,1000,2026-06-28T20:01:20.445469+00:00
15.0,69.6716552965409,83.81917853303709,58.04003325409278,0.1,1000,2026-06-28T20:01:20.445475+00:00
20.0,69.6716552965409,83.81917853303709,58.04003325409278,0.1,1000,2026-06-28T20:01:20.445480+00:00
25.0,69.6716552965409,83.81917853303709,58.04003325409278,0.1,1000,2026-06-28T20:01:20.445497+00:00
0.0,0.0,0.0,0.0,0.1,1000,2026-06-30T20:01:24.749155+00:00
1.0,5.5429191991136735,12.308482641224847,2.665407571525712,0.1,1000,2026-06-30T20:01:24.749179+00:00
2.5,20.436290204760606,30.77120660306212,11.45626125637267,0.1,1000,2026-06-30T20:01:24.749188+00:00
5.0,62.80255443277599,61.54241320612424,38.888330271273304,0.1,1000,2026-06-30T20:01:24.749194+00:00
10.0,68.14029743224272,88.1169064662864,55.84962681583798,0.1,1000,2026-06-30T20:01:24.749201+00:00
15.0,68.14029743224272,88.1169064662864,55.84962681583798,0.1,1000,2026-06-30T20:01:24.749207+00:00
20.0,68.14029743224272,88.1169064662864,55.84962681583798,0.1,1000,2026-06-30T20:01:24.749213+00:00
25.0,68.14029743224272,88.1169064662864,55.84962681583798,0.1,1000,2026-06-30T20:01:24.749229+00:00
0.0,0.0,0.0,0.0,0.1,1000,2026-07-01T20:01:22.966333+00:00
1.0,14.189998264386332,0.0,7.57867546431887,0.1,1000,2026-07-01T20:01:22.966359+00:00
2.5,20.667257425876183,0.0,11.233536200401197,0.1,1000,2026-07-01T20:01:22.966367+00:00
5.0,20.667257425876183,0.0,11.233536200401197,0.1,1000,2026-07-01T20:01:22.966373+00:00
10.0,20.667257425876183,0.0,11.233536200401197,0.1,1000,2026-07-01T20:01:22.966379+00:00
15.0,20.667257425876183,0.0,11.233536200401197,0.1,1000,2026-07-01T20:01:22.966385+00:00
20.0,20.667257425876183,0.0,11.233536200401197,0.1,1000,2026-07-01T20:01:22.966391+00:00
25.0,20.667257425876183,0.0,11.233536200401197,0.1,1000,2026-07-01T20:01:22.966409+00:00
0.0,0.0,0.0,0.0,0.1,1000,2026-07-02T20:01:43.927110+00:00
1.0,18.51021459175462,6.141895578280331,9.902148435067438,0.1,1000,2026-07-02T20:01:43.927137+00:00
2.5,18.51021459175462,15.354738945700847,9.902148435067438,0.1,1000,2026-07-02T20:01:43.927145+00:00
5.0,18.51021459175462,30.709477891401676,9.902148435067438,0.1,1000,2026-07-02T20:01:43.927151+00:00
10.0,18.51021459175462,61.41895578280335,9.902148435067438,0.1,1000,2026-07-02T20:01:43.927157+00:00
15.0,18.51021459175462,87.09806641950293,9.902148435067438,0.1,1000,2026-07-02T20:01:43.927163+00:00
20.0,18.51021459175462,87.09806641950293,9.902148435067438,0.1,1000,2026-07-02T20:01:43.927170+00:00
25.0,18.51021459175462,87.09806641950293,9.902148435067438,0.1,1000,2026-07-02T20:01:43.927186+00:00
0.0,0.0,0.0,0.0,0.1,1000,2026-07-03T20:01:23.160442+00:00
1.0,0.0,2.3682847481336986,0.0,0.1,1000,2026-07-03T20:01:23.160468+00:00
2.5,0.0,5.920711870334246,0.0,0.1,1000,2026-07-03T20:01:23.160476+00:00
5.0,67.64393168181151,11.841423740668482,55.1526072533145,0.1,1000,2026-07-03T20:01:23.160483+00:00
10.0,67.64393168181151,23.682847481336974,55.1526072533145,0.1,1000,2026-07-03T20:01:23.160490+00:00
15.0,67.64393168181151,35.524271222005446,55.1526072533145,0.1,1000,2026-07-03T20:01:23.160496+00:00
20.0,67.64393168181151,47.365694962673935,55.1526072533145,0.1,1000,2026-07-03T20:01:23.160502+00:00
25.0,67.64393168181151,59.207118703342424,55.1526072533145,0.1,1000,2026-07-03T20:01:23.160517+00:00
0.0,0.0,0.0,0.0,0.1,1000,2026-07-04T20:01:47.816239+00:00
1.0,5.402729192494029,0.0,2.6714726877825896,0.1,1000,2026-07-04T20:01:47.816263+00:00
2.5,10.327112105925261,0.0,5.13550874406036,0.1,1000,2026-07-04T20:01:47.816271+00:00
5.0,10.327112105925261,0.0,5.13550874406036,0.1,1000,2026-07-04T20:01:47.816277+00:00
10.0,10.327112105925261,0.0,5.13550874406036,0.1,1000,2026-07-04T20:01:47.816284+00:00
15.0,10.327112105925261,0.0,5.13550874406036,0.1,1000,2026-07-04T20:01:47.816290+00:00
20.0,10.327112105925261,0.0,5.13550874406036,0.1,1000,2026-07-04T20:01:47.816296+00:00
25.0,10.327112105925261,0.0,5.13550874406036,0.1,1000,2026-07-04T20:01:47.816312+00:00
0.0,0.0,0.0,0.0,0.1,1000,2026-07-05T20:01:30.673158+00:00
1.0,0.0,7.267291577111143,0.0,0.1,1000,2026-07-05T20:01:30.673182+00:00
2.5,0.0,18.16822894277786,0.0,0.1,1000,2026-07-05T20:01:30.673189+00:00
5.0,0.0,36.33645788555573,0.0,0.1,1000,2026-07-05T20:01:30.673196+00:00
10.0,0.0,72.67291577111146,0.0,0.1,1000,2026-07-05T20:01:30.673202+00:00
15.0,0.0,73.39823911372592,0.0,0.1,1000,2026-07-05T20:01:30.673209+00:00
20.0,0.0,73.39823911372592,0.0,0.1,1000,2026-07-05T20:01:30.673215+00:00
25.0,0.0,73.39823911372592,0.0,0.1,1000,2026-07-05T20:01:30.673230+00:00
0.0,0.0,0.0,0.0,0.1,1000,2026-07-06T20:01:47.458258+00:00
1.0,0.0,5.088238544552285,0.0,0.1,1000,2026-07-06T20:01:47.458304+00:00
2.5,0.0,12.720596361380709,0.0,0.1,1000,2026-07-06T20:01:47.458314+00:00
5.0,3.0751316371667867,25.44119272276143,1.4466181492408268,0.1,1000,2026-07-06T20:01:47.458321+00:00
10.0,67.49902531319385,50.88238544552286,54.84946892123702,0.1,1000,2026-07-06T20:01:47.458328+00:00
15.0,67.49902531319385,72.32602091384696,54.84946892123702,0.1,1000,2026-07-06T20:01:47.458334+00:00
20.0,67.49902531319385,72.32602091384696,54.84946892123702,0.1,1000,2026-07-06T20:01:47.458340+00:00
25.0,67.49902531319385,72.32602091384696,54.84946892123702,0.1,1000,2026-07-06T20:01:47.458356+00:00
0.0,0.0,0.0,0.0,0.1,1000,2026-07-07T20:01:41.179857+00:00
1.0,0.9428578797169798,0.0,0.6710439683235023,0.1,1000,2026-07-07T20:01:41.179883+00:00
2.5,0.9428578797169798,0.0,0.6710439683235023,0.1,1000,2026-07-07T20:01:41.179891+00:00
5.0,0.9428578797169798,0.0,0.6710439683235023,0.1,1000,2026-07-07T20:01:41.179897+00:00
10.0,0.9428578797169798,0.0,0.6710439683235023,0.1,1000,2026-07-07T20:01:41.179903+00:00
15.0,0.9428578797169798,0.0,0.6710439683235023,0.1,1000,2026-07-07T20:01:41.179909+00:00
20.0,0.9428578797169798,0.0,0.6710439683235023,0.1,1000,2026-07-07T20:01:41.179914+00:00
25.0,0.9428578797169798,0.0,0.6710439683235023,0.1,1000,2026-07-07T20:01:41.179932+00:00
